README.md
setup.py
convertmask/__init__.py
convertmask/main_v_0_3_any.py
convertmask/main_v_0_5_any.py
convertmask.egg-info/PKG-INFO
convertmask.egg-info/SOURCES.txt
convertmask.egg-info/dependency_links.txt
convertmask.egg-info/entry_points.txt
convertmask.egg-info/requires.txt
convertmask.egg-info/top_level.txt
convertmask.egg-info/zip-safe
convertmask/labelme_sub/__init__.py
convertmask/labelme_sub/__main__.py
convertmask/labelme_sub/app.py
convertmask/labelme_sub/label_file.py
convertmask/labelme_sub/logger.py
convertmask/labelme_sub/shape.py
convertmask/labelme_sub/testing.py
convertmask/labelme_sub/cli/__init__.py
convertmask/labelme_sub/cli/draw_json.py
convertmask/labelme_sub/cli/draw_label_png.py
convertmask/labelme_sub/cli/json_to_dataset.py
convertmask/labelme_sub/cli/on_docker.py
convertmask/labelme_sub/config/__init__.py
convertmask/labelme_sub/utils/__init__.py
convertmask/labelme_sub/utils/_io.py
convertmask/labelme_sub/utils/draw.py
convertmask/labelme_sub/utils/image.py
convertmask/labelme_sub/utils/qt.py
convertmask/labelme_sub/utils/shape.py
convertmask/labelme_sub/widgets/__init__.py
convertmask/labelme_sub/widgets/canvas.py
convertmask/labelme_sub/widgets/color_dialog.py
convertmask/labelme_sub/widgets/escapable_qlist_widget.py
convertmask/labelme_sub/widgets/label_dialog.py
convertmask/labelme_sub/widgets/label_list_widget.py
convertmask/labelme_sub/widgets/tool_bar.py
convertmask/labelme_sub/widgets/unique_label_qlist_widget.py
convertmask/labelme_sub/widgets/zoom_widget.py
convertmask/utils/__init__.py
convertmask/utils/cpFile.py
convertmask/utils/getMultiShapes.py
convertmask/utils/imgAug.py
convertmask/utils/imgAug_nolabel.py
convertmask/utils/imgAug_script.py
convertmask/utils/imgAug_xmls.py
convertmask/utils/mask2json_script.py
convertmask/utils/img2xml/__init__.py
convertmask/utils/img2xml/processor_multiObj.py
convertmask/utils/img2xml/processor_singleObj.py
convertmask/utils/json2mask/__init__.py
convertmask/utils/json2mask/convert.py
convertmask/utils/json2mask/convertWithLabel.py
convertmask/utils/json2xml/__init__.py
convertmask/utils/json2xml/json2xml.py
convertmask/utils/longImgSplit/__init__.py
convertmask/utils/longImgSplit/script.py
convertmask/utils/longImgSplit/splitImg.py
convertmask/utils/methods/__init__.py
convertmask/utils/methods/configUtils.py
convertmask/utils/methods/entity.py
convertmask/utils/methods/getShape.py
convertmask/utils/methods/img2base64.py
convertmask/utils/methods/logger.py
convertmask/utils/methods/rmQ.py
convertmask/utils/methods/yamlUtils.py
convertmask/utils/xml2json/__init__.py
convertmask/utils/xml2json/xml2json.py
convertmask/utils/xml2mask/__init__.py
convertmask/utils/xml2mask/x2m.py
convertmask/utils/xml2yolo/__init__.py
convertmask/utils/xml2yolo/xml2yolo.py
convertmask/utils/yolo2xml/__init__.py
convertmask/utils/yolo2xml/yolo2xml.py